MVMinusBV,Portfolio_Name,Issuer_Name,Asset_Name,Position_ID,Commitment,Outstanding,BookValue,BVPrice,MarketValue,MarkPrice_MarkPrice,Asset_AssetDetail_Type,MVParity,CurrencyType_Identifier,Quantity,Asset_Primary IDAssetID_Name
"734873.011760544","PennantPark Credit Opportunities Fund IV Aggregator, LP","A1 Garage Equity, LLC","Common Equity","1373629","1096519.02","1096519.02","1096519.02","1","1831392.03176054","1.6701872","138","1831392.03176054","USD","1096519.02","1680"
"8108.16320711654","PennantPark Credit Opportunities Fund IV Aggregator, LP","ACP Avenu Buyer, LLC","Initial Term Loan","1374456","2462500","2462500","2429766.83679288","98.6707344890511","2437875","99","4","24378.75","USD","2462500","LX217673"
"-4285.71429999999","PennantPark Credit Opportunities Fund IV Aggregator, LP","ACP Avenu Buyer, LLC","Revolving Loan","1374462","428571.43","1.39999999373686E-03","1.39999999373686E-03","100","-4285.7129","99","4","-42.857129","USD","428571.43","LX217675"
"-10670.4285143004","PennantPark Credit Opportunities Fund IV Aggregator, LP","ACP Avenu Buyer, LLC","Tranche 1 Delayed Draw Term Loan","1374451","1067042.85143003","1067042.8481","1067042.8481","100","1056372.4195857","99","4","10563.724195857","USD","1067042.85143003","LX217674"
"39937.48","PennantPark Credit Opportunities Fund IV Aggregator, LP","ACP Big Top Holdings, L.P. (DE) ","Common Equity","1375485","185954.42","185954.42","185954.42","0.961004754521964","225891.9","1.1674","138","225891.9","USD","193500","1959"
"59956.3832781613","PennantPark Credit Opportunities Fund IV Aggregator, LP","ACP Falcon Buyer, Inc.","Initial Term Loan","1374295","2539111.13109988","2539111.1311","2504545.85913284","98.6386861313869","2564502.242411","101","4","25645.02242411","USD","2539111.13109988","LX214995"
"8.78230821399484e-12","PennantPark Credit Opportunities Fund IV Aggregator, LP","ACP Falcon Buyer, Inc.","Revolving Loan","1374290","422222.22","0","0","100","8.78230821399484e-12","100","4","8.78230821399484e-14","USD","422222.22","LX214996"
"3.33102434524335e-11","PennantPark Credit Opportunities Fund IV Aggregator, LP","Adweek, LLC","First Lien - DDTL - Initial","1376239","1600000","0","0","100","3.33102434524335e-11","100","4","3.33102434524335e-13","USD","1600000","LX242222"
"102136.986301369","PennantPark Credit Opportunities Fund IV Aggregator, LP","Adweek, LLC","First Lien - Term Loan - Initial","1376237","8000000","8000000","7897863.01369863","98.7232876712329","8000000","100","4","80000","USD","8000000","LX242221"
"0","PennantPark Credit Opportunities Fund IV Aggregator, LP","Aechelon InvestCo LP","Common - Unfunded","1376902","0","0","0","0","0","0","138","0","USD","7163.75","2261"
"1422947.295","PennantPark Credit Opportunities Fund IV Aggregator, LP","Aechelon InvestCo LP","Common Equity","1376898","641025","641025","641025","100","2063972.295","321.98","138","2063972.295","USD","6410.25","2260"
"1.38697942020372e-11","PennantPark Credit Opportunities Fund IV Aggregator, LP","Aechelon Technology Inc.","First Lien - Revolver - Initial","1376791","665200","0","0","100","1.38697942020372e-11","100","4","1.38697942020372e-13","USD","665200","LX244434"
"125002.919329492","PennantPark Credit Opportunities Fund IV Aggregator, LP","Aechelon Technology Inc.","First Lien - Term Loan - Initial","1376787","9700000","9700000","9574997.08067051","98.7113101100053","9700000","100","4","97000","USD","9700000","LX244433"
"-56695.9175885","PennantPark Credit Opportunities Fund IV Aggregator, LP","AFC Acquisitions, Inc.","Series F-2 Preferred Stock","1375180","325723.1875605","325723.1875605","325723.1875605","1530.09","269027.269972","1263.76","138","269027.269972","USD","212.87845","1866"
"-2047.837","PennantPark Credit Opportunities Fund IV Aggregator, LP","AFC Acquisitions, Inc.","Series G-2 Preferred Stock","1375884","8005.322","8005.322","8005.322","1703.26","5957.485","1267.55","138","5957.485","USD","4.7","1984"
"-1848.4545618","PennantPark Credit Opportunities Fund IV Aggregator, LP","AFC Acquisitions, Inc.","Series H-2 Preferred Stock","1376517","5261.678037","5261.678037","5261.678037","1965.3","3413.2234752","1274.88","138","3413.2234752","USD","2.67729","BDC4347B"
"-1899.7678378","PennantPark Credit Opportunities Fund IV Aggregator, LP","AFC Acquisitions, Inc.","Series I-2 Preferred Stock","1378957","5006.9110469","5006.9110469","5006.9110469","2052.61","3107.1432091","1273.79","138","3107.1432091","USD","2.43929","2478"
"-8817.460388","PennantPark Credit Opportunities Fund IV Aggregator, LP","AFC Acquisitions, Inc.","Series J-2 Preferred Stock","1379664","8817.460388","8817.460388","8817.460388","2002.33","0","","138","0","USD","4.4036","2506"
"-20242.4282","PennantPark Credit Opportunities Fund IV Aggregator, LP","AFC-Dell Holding Corp.","Closing Date Delayed Draw Term Loan","1374876","4048485.64","4048485.6362","4048485.6362","100","4028243.208","99.5","4","40282.43208","USD","4048485.64","LX194355"
"2286.7241596086","PennantPark Credit Opportunities Fund IV Aggregator, LP","AFC-Dell Holding Corp.","Closing Date Term Loan","1374871","982249.669974302","982249.67","975051.69749052","99.2671952224053","977338.421650129","99.5","4","9773.38421650129","USD","982249.669974302","LX194354"
"259133.652","PennantPark Credit Opportunities Fund IV Aggregator, LP","Aftermarket Drivetrain Products Holdings, LLC","Common Equity","1374915","526320","526320","526320","1000","785453.652","1492.35","138","785453.652","USD","526.32","1880"
"16329.4018534119","PennantPark Credit Opportunities Fund IV Aggregator, LP","Anteriad (f/k/a MeritDirect, LLC)","Term Loan B","1373850","2662500","2662500","2646170.59814659","99.3866891322662","2662500","100","4","26625","USD","2662500","LX211755"
"0","PennantPark Credit Opportunities Fund IV Aggregator, LP","Archer Lewis, LLC ","First Lien - DDTL - DDTL A","1376845","1337380.7625","1337380.7625","1337380.7625","100","1337380.7625","100","4","13373.807625","USD","1337380.7625","LX245455"
"5.82076609134674e-11","PennantPark Credit Opportunities Fund IV Aggregator, LP","Archer Lewis, LLC ","First Lien - DDTL - DDTL B","1376843","2153943.9","429063.9","429063.9","100","429063.9","100","4","4290.639","USD","2153943.9","LX245454"
"6.84963197272737e-12","PennantPark Credit Opportunities Fund IV Aggregator, LP","Archer Lewis, LLC ","First Lien - Revolver - Revolver","1376866","329700","0","0","100","6.84963197272737e-12","100","4","6.84963197272737e-14","USD","329700","LX245456"
"27221.6872937293","PennantPark Credit Opportunities Fund IV Aggregator, LP","Archer Lewis, LLC ","First Lien - Term Loan - TL","1376846","2183500","2183500","2156278.31270627","98.753300330033","2183500","100","4","21835","USD","2183500","LX245453"
"-67564.8488217308","PennantPark Credit Opportunities Fund IV Aggregator, LP","Azureon, LLC (f/k/a TPCN MIDCO, LLC)","First Lien - DDTL - DDTL","1376454","2937602.12268396","2937602.1227","2937602.1227","100","2870037.27387827","97.7","4","28700.3727387827","USD","2937602.12268396","LX237963"
"-13337.7","PennantPark Credit Opportunities Fund IV Aggregator, LP","Azureon, LLC (f/k/a TPCN MIDCO, LLC)","First Lien - Revolver - Revolver","1376450","579900","231960","231960","100","218622.3","97.7","4","2186.223","USD","579900","LX237964"
"-21858.0722891567","PennantPark Credit Opportunities Fund IV Aggregator, LP","Azureon, LLC (f/k/a TPCN MIDCO, LLC)","First Lien - Term Loan - Term Loan","1376446","1980000","1980000","1956318.07228916","98.8039430449069","1934460","97.7","4","19344.6","USD","1980000","LX237961"
"3358.14763025008","PennantPark Credit Opportunities Fund IV Aggregator, LP","BEACON BEHAVIORAL HOLDINGS LLC","Unsecured - Term Loan - HoldCo","1376409","5010237.268011","5010237.2679","4956776.74758964","98.932974279448","4960134.89521989","99","4","49601.3489521989","USD","5010237.268011","LX237493"
"-12194.2272867518","PennantPark Credit Opportunities Fund IV Aggregator, LP","Beacon Behavioral Support Services, LLC ","Closing Date Delayed Draw Term Loan","1376405","1219422.72867519","1219422.7286","1219422.7286","100","1207228.50131325","99","4","12072.2850131325","USD","1219422.72867519","LX237495"
"-15121.8411731683","PennantPark Credit Opportunities Fund IV Aggregator, LP","Beacon Behavioral Support Services, LLC ","First Amendment Delayed Draw Term Loan","1377876","1512184.11731683","744501.8436","744501.8436","100","729380.002426832","99","4","7293.80002426832","USD","1512184.11731683","LX257658"
"-2084.02969999998","PennantPark Credit Opportunities Fund IV Aggregator, LP","Beacon Behavioral Support Services, LLC ","Revolver","1376401","208402.97","156302.2275","156302.2275","100","154218.1978","99","4","1542.181978","USD","208402.97","LX237497"
"5700.9036144577","PennantPark Credit Opportunities Fund IV Aggregator, LP","Beacon Behavioral Support Services, LLC ","Term Loan","1376397","2970000","2970000","2934599.09638554","98.8080503833516","2940300","99","4","29403","USD","2970000","LX237494"
"-20000","PennantPark Credit Opportunities Fund IV Aggregator, LP","Berwick Industrial Park","First Lien TL","1376017","1000000","1000000","1000000","100","980000","98","4","9800","USD","1000000","1588"
"-9646.24999999998","PennantPark Credit Opportunities Fund IV Aggregator, LP","Best Practice Associates, LLC","First Lien - Revolver","1377636","771700","0","0","100","-9646.24999999998","98.75","4","-96.4624999999998","USD","771700","LX253834"
"27291.5065861698","PennantPark Credit Opportunities Fund IV Aggregator, LP","Best Practice Associates, LLC","First Lien - Term Loan","1377630","9950000","9950000","9798333.49341383","98.4757135016465","9825625","98.75","4","98256.25","USD","9950000","LX253833"
"173853.023651545","PennantPark Credit Opportunities Fund IV Aggregator, LP","Beta Plus Technologies, Inc.","Initial Term Loan","1373864","4402027.18","4402027.18","4129128.54479846","93.8006144886742","4302981.56845","97.75","4","43029.8156845","USD","4402027.18","LX206113"
"6.02540239924565e-12","PennantPark Credit Opportunities Fund IV Aggregator, LP","Big Top Holdings, LLC","First Lien - Revolver","1375473","288800","0","0","100","6.02540239924565e-12","100","4","6.02540239924565e-14","USD","288800","LX227736"
"38727.1365814712","PennantPark Credit Opportunities Fund IV Aggregator, LP","Big Top Holdings, LLC","Term Loan","1375480","2847115.38461551","2847115.3846","2808388.24801853","98.6397763578275","2847115.3846","100","4","28471.153846","USD","2847115.38461551","LX227735"
"0","PennantPark Credit Opportunities Fund IV Aggregator, LP","BioDerm Holdings, LP","Common Equity","1373741","0","0","0","0","0","0","138","0","USD","437","1703"
"-12409.7964295","PennantPark Credit Opportunities Fund IV Aggregator, LP","BioDerm Holdings, LP","Preferred Equity","1377010","437000","437000","437000","1000","424590.2035705","971.6022965","138","424590.2035705","USD","437","BDC 22658"
"-17751.0952902515","PennantPark Credit Opportunities Fund IV Aggregator, LP","BIODERM, INC.","First Lien","1373748","2940000","2940000","2921001.09529025","99.3537787513691","2903250","98.75","4","29032.5","USD","2940000","LX216586"
"-4464.28574999998","PennantPark Credit Opportunities Fund IV Aggregator, LP","BIODERM, INC.","First Lien - Revolver","1373744","357142.86","357142.8532","357142.8532","100","352678.56745","98.75","4","3526.7856745","USD","357142.86","LX216589"
"-16275.4464","PennantPark Credit Opportunities Fund IV Aggregator, LP","Burgess Point Holdings, L.P.","Common Equity","1376807","145452","145452","145452","1150","129176.5536","1021.32","138","129176.5536","USD","126.48","1631"
"-323863.803605933","PennantPark Credit Opportunities Fund IV Aggregator, LP","BURGESS POINT PURCHASER CORPORATION","Initial Term Loan (First Lien)","1376812","2969543.16","2969543.16","2845184.11903553","95.8121827411167","2521320.3154296","84.906","4","25213.203154296","USD","2969543.16","LX205817"
"3393.31619537249","PennantPark Credit Opportunities Fund IV Aggregator, LP","By Light Holdings LLC","Holdco Note","1374158","4292298.76844538","4292298.7682","4288905.45200463","99.9209440819843","4292298.7682","100","4","42922.987682","USD","4292298.76844538","1624"
"0","PennantPark Credit Opportunities Fund IV Aggregator, LP","By Light Professional IT Services LLC","Existing Term Loan","1377140","7592920.54849661","7592920.5485","7592920.5485","100","7592920.5485","100","4","75929.205485","USD","7592920.54849661","LX213771"
"5172.0143901016","PennantPark Credit Opportunities Fund IV Aggregator, LP","By Light Professional IT Services LLC","Revolving Loan Retired 07/15/2025","1377141","810247.98","138899.6532","133727.638809898","99.3616751269035","138899.6532","100","4","1388.996532","USD","810247.98","LX164575"
"5.82076609134674e-11","PennantPark Credit Opportunities Fund IV Aggregator, LP","C5MI Acquisition, LLC","First Lien - Revolver - Revolver","1376690","1653300","385770","385770","100","385770","100","4","3857.7","USD","1653300","LX239964"
"97249.7809419492","PennantPark Credit Opportunities Fund IV Aggregator, LP","C5MI Acquisition, LLC","Term Loan","1376685","7940000","7940000","7842750.21905805","98.7751916757941","7940000","100","4","79400","USD","7940000","LX239961"
"-119662.42624","PennantPark Credit Opportunities Fund IV Aggregator, LP","C5MI HOLDCO, LLC ","Common Equity","1376722","301700","301700","301700","1","182037.57376","0.6033728","138","182037.57376","USD","301700","2241"
"5407.99999999999","PennantPark Credit Opportunities Fund IV Aggregator, LP","C5MI HOLDCO, LLC ","Preferred Equity","1376718","41600","41600","41600","1","47008","1.13","138","47008","USD","41600","2242"
"-28218.5295833349","PennantPark Credit Opportunities Fund IV Aggregator, LP","Carnegie Dartlet, LLC","First Lien - DDTL - DDTL","1375254","2821852.9583335","657169.6249","657169.6249","100","628951.095316665","99","4","6289.51095316665","USD","2821852.9583335","1926"
"-9411.99999999998","PennantPark Credit Opportunities Fund IV Aggregator, LP","Carnegie Dartlet, LLC","First Lien - Revolver - Rev","1375259","941200","0","0","100","-9411.99999999998","99","4","-94.1199999999998","USD","941200","1924"
"11929.2883211672","PennantPark Credit Opportunities Fund IV Aggregator, LP","Carnegie Dartlet, LLC","First Lien - Term Loan - Initial","1375249","7900000","7900000","7809070.71167883","98.848996350365","7821000","99","4","78210","USD","7900000","1925"
"-68171.7141344014","PennantPark Credit Opportunities Fund IV Aggregator, LP","Carnegie HoldCo, LLC","Common Equity","1375284","461853.714130465","461853.714130465","461853.714130465","0.961994822193466","393681.999996063","0.82","138","393681.999996063","USD","480099.999995199","1927"
"128027.586206897","PennantPark Credit Opportunities Fund IV Aggregator, LP","Confluent Health, LLC","Amendment No. 1 Term Loan","1373889","2932500","2932500","2804472.4137931","95.6341829085457","2932500","100","4","29325","USD","2932500","LX210834"
"-28268.8037848843","PennantPark Credit Opportunities Fund IV Aggregator, LP","Consello Pacific Aggregator, LLC ","Preferred Equity","1375166","130929.298784884","130929.298784884","130929.298784884","0.956521533318764","102660.495","0.75","138","102660.495","USD","136880.66","1827"
"-254658.665474662","PennantPark Credit Opportunities Fund IV Aggregator, LP","CoolSys, Inc.","Closing Date Initial Term Loan","1374944","1901401.98819168","1901401.9882","1819759.6840232","95.7062049643461","1565101.01854854","82.313","4","15651.0101854854","USD","1901401.98819168","LX196565"
"38732.8921250058","PennantPark Credit Opportunities Fund IV Aggregator, LP","EDS Buyer, LLC","First Lien","1373662","3421418.47825966","3421418.4785","3391239.13257064","99.1179288321168","3429972.02469565","100.25","4","34299.7202469565","USD","3421418.47825966","1686"
"6480.46875","PennantPark Credit Opportunities Fund IV Aggregator, LP","EDS Buyer, LLC","First Lien - DDTL","1373665","2592187.5","2592187.5","2592187.5","100","2598667.96875","100.25","4","25986.6796875","USD","2592187.5","1685"
"1968.75000000002","PennantPark Credit Opportunities Fund IV Aggregator, LP","EDS Buyer, LLC","First Lien - Revolver","1373668","787500","0","0","100","1968.75000000002","100.25","4","19.6875000000002","USD","787500","1684"
"269456.25","PennantPark Credit Opportunities Fund IV Aggregator, LP","EDS TOPCO, LP","Common Equity","1373658","437500","437500","437500","1","706956.25","1.6159","138","706956.25","USD","437500","1687"
"-566262.774242412","PennantPark Credit Opportunities Fund IV Aggregator, LP","ENC Parent Corporation","Initial Term Loan (First Lien)","1376327","11949995.95","11949995.95","10723759.3317424","89.7386022272452","10157496.5575","85","4","101574.965575","USD","11949995.95","LX196636"
"-7385052.9223454","PennantPark Credit Opportunities Fund IV Aggregator, LP","Endo1 Partners, LLC","First Lien - Term Loan - Last Out","1379295","7500000","7500000","7385052.9223454","98.4673722979387","0","","4","0","USD","7500000","2486"
"-84000","PennantPark Credit Opportunities Fund IV Aggregator, LP","ETE Intermediate II LLC","Liquidty RC","1377414","84000","0","0","100","-84000","","4","-840","USD","84000",""
"3.63797880709171e-12","PennantPark Credit Opportunities Fund IV Aggregator, LP","ETE Intermediate II LLC","Revolving Loan","1374070","180000","18000.0003","18000.0003","100","18000.0003","100","4","180.000003","USD","180000","LX212915"
"19112.6824817518","PennantPark Credit Opportunities Fund IV Aggregator, LP","ETE Intermediate II LLC","Term Loan A","1374067","1470000","1470000","1450887.31751825","98.6998175182482","1470000","100","4","14700","USD","1470000","LX212914"
"6.42330633127131e-12","PennantPark Credit Opportunities Fund IV Aggregator, LP","EvAl Home Care Solutions Intermediate, L.L.C.","First Lien - Revolver - Rev","1376102","308200","0","0","100","6.42330633127131e-12","100","4","6.42330633127131e-14","USD","308200","LX233421"
"32788.7379650087","PennantPark Credit Opportunities Fund IV Aggregator, LP","EvAl Home Care Solutions Intermediate, L.L.C.","First Lien - Term Loan - Initial","1376121","2699741.6340223","2699741.634","2666952.89603499","98.7854860794158","2699741.634","100","4","26997.41634","USD","2699741.6340223","LX233420"
"-10228.9149771084","PennantPark Credit Opportunities Fund IV Aggregator, LP","EvAl Home Health Solutions, L.L.C.","Preferred Equity","1376111","169800.004577108","169800.004577108","169800.004577108","1.65999999","159571.0896","1.56","138","159571.0896","USD","102289.16","2010"
"-1827.40727999998","PennantPark Credit Opportunities Fund IV Aggregator, LP","EXPRESS WASH ACQUISITION COMPANY, LLC","First Lien - Revolver - Revolver","1378968","304567.88","0","0","100","-1827.40727999998","99.4","4","-18.2740727999998","USD","304567.88","LX262299"
"17728.5166940345","PennantPark Credit Opportunities Fund IV Aggregator, LP","EXPRESS WASH ACQUISITION COMPANY, LLC","First Lien - Term Loan - TL","1378962","5000000","5000000","4952271.48330597","99.0454296661193","4970000","99.4","4","49700","USD","5000000","LX262298"
"-223327.608713891","PennantPark Credit Opportunities Fund IV Aggregator, LP","EyeCare Partners","2nd Out Term Loan","1377870","6325403.20999821","6325403.21","5188769.12856428","82.0306462102035","4965441.51985038","78.5","4","49654.4151985038","USD","6325403.20999821","LX230234"
"-2934.90712145585","PennantPark Credit Opportunities Fund IV Aggregator, LP","Five Star Buyer, Inc. (Track Branson OpCo, LLC, The)","First Lien - DDTL B","1373787","146745.356072792","146745.3546","146745.3546","100","143810.447478544","98","4","1438.10447478544","USD","146745.356072792","LX207715"
"-5518.14669999999","PennantPark Credit Opportunities Fund IV Aggregator, LP","Five Star Buyer, Inc. (Track Branson OpCo, LLC, The)","First Lien - Revolver","1373794","275907.335","0","0","100","-5518.14669999999","98","4","-55.1814669999999","USD","275907.335","LX207716"
"-29163.4124620468","PennantPark Credit Opportunities Fund IV Aggregator, LP","Five Star Buyer, Inc. (Track Branson OpCo, LLC, The)","Initial Term Loan A","1373791","3098566.06997166","3098566.0699","3065758.16096261","98.9411905960202","3036594.74850057","98","4","30365.9474850057","USD","3098566.06997166","LX207714"
"-359148.858193","PennantPark Credit Opportunities Fund IV Aggregator, LP","Five Star Parent Holdings, LLC ","Common Equity","1373783","488571.43","488571.43","488571.43","1","129422.571807","0.2649","138","129422.571807","USD","488571.43","1724"
"-2716.9536","PennantPark Credit Opportunities Fund IV Aggregator, LP","GAUGE ETE BLOCKER LLC","Common Equity","1374064","45282.56","45282.56","45282.56","1","42565.6064","0.94","138","42565.6064","USD","45282.56","1766"
"0","PennantPark Credit Opportunities Fund IV Aggregator, LP","GAUGE ETE BLOCKER LLC","Unsecured - Term Loan - Promissory Note","1374309","33453.4076025078","33453.4076","33453.4076","100","33453.4076","100","4","334.534076","USD","33453.4076025078","1794"
"50648.035744","PennantPark Credit Opportunities Fund IV Aggregator, LP","Gauge Loving Tan LP","Common Equity","1374190","271280.32","271280.32","271280.32","1","321928.355744","1.1867","138","321928.355744","USD","271280.32","1776"
"93686.7474000001","PennantPark Credit Opportunities Fund IV Aggregator, LP","GMP HILLS, LP","Common Equity","1375171","1040963.86","1040963.86","1040963.86","1","1134650.6074","1.09","138","1134650.6074","USD","1040963.86","1839"
"0","PennantPark Credit Opportunities Fund IV Aggregator, LP","Hills Distribution, Inc.","Delayed Draw Term Loan","1374657","2337764.72","2008352.9539","2008352.9539","100","2008352.9539","100","4","20083.529539","USD","2337764.72","LX219596"
"42888.6353263347","PennantPark Credit Opportunities Fund IV Aggregator, LP","Hills Distribution, Inc.","Initial Term Loan","1374665","3940000","3940000","3897111.36467367","98.9114559561844","3940000","100","4","39400","USD","3940000","LX219595"
"-177785.693619584","PennantPark Credit Opportunities Fund IV Aggregator, LP","HPA SPQ Aggregator, LP","Common Equity","1374142","499201.28","499201.28","499201.28","1","321415.586380416","0.6438597","138","321415.586380416","USD","499201.28","1763"
"0","PennantPark Credit Opportunities Fund IV Aggregator, LP","Infinity Home Services Holdco, Inc.","Closing Date Delayed Draw Term Loan","1373649","2384598.90208291","2384598.9031","2384598.9031","100","2384598.9031","100","4","23845.989031","USD","2384598.90208291","LX210066"
"56756.3869871274","PennantPark Credit Opportunities Fund IV Aggregator, LP","Infinity Home Services Holdco, Inc.","Closing Date Term Loan","1373653","4875000.01080656","4875000.0108","4818243.62381287","98.8357664233577","4875000.0108","100","4","48750.000108","USD","4875000.01080656","LX210065"
"387067.6719","PennantPark Credit Opportunities Fund IV Aggregator, LP","Infinity Home Services Holdco, Inc.","Common Equity","1373643","992481.21","992481.21","992481.21","1","1379548.8819","1.39","138","1379548.8819","USD","992481.21","1692"
"0","PennantPark Credit Opportunities Fund IV Aggregator, LP","Infinity Home Services Holdco, Inc.","Revolving Loan","1373646","1052631.58","263157.9003","263157.9003","100","263157.9003","100","4","2631.579003","USD","1052631.58","LX210067"
"1.45519152283669e-11","PennantPark Credit Opportunities Fund IV Aggregator, LP","Inventus Power, Inc.","1L RCF","1374169","508473.68","84745.6133","84745.6133","100","84745.6133","100","4","847.456133","USD","508473.68","LX213613"
"20864.5161022823","PennantPark Credit Opportunities Fund IV Aggregator, LP","Inventus Power, Inc.","Term Loan","1374163","4899999.99371785","4899999.9937","4879135.47759772","99.5741935483871","4899999.9937","100","4","48999.999937","USD","4899999.99371785","LX213612"
"4086500.1892","PennantPark Credit Opportunities Fund IV Aggregator, LP","JF Intermediate, LLC","Common Equity","1374637","242308","242308","242308","100","4328808.1892","1786.49","138","4328808.1892","USD","2423.08","1635"
"-102954.015474762","PennantPark Credit Opportunities Fund IV Aggregator, LP","LAV Gear Holdings, Inc.","Delayed Draw Term Loan Retired 07/31/2025","1374984","410175.360457218","410175.3605","410175.3605","100","307221.345025238","74.9","4","3072.21345025238","USD","410175.360457218","LX179864"
"16316.3928902615","PennantPark Credit Opportunities Fund IV Aggregator, LP","LAV Gear Holdings, Inc.","First Lien - Term Loan - 12th Amend. - Priority FOTL","1378591","56532.9869192877","56532.987","54349.8408395604","96.1382791191337","70666.2337298219","125","4","706.662337298219","USD","56532.9869192877","LX258942"
"-72008.6472953888","PennantPark Credit Opportunities Fund IV Aggregator, LP","LAV Gear Holdings, Inc.","Fourteenth Amendment Priority Term Loan","1379667","75823.2230136986","75823.223","72008.6472816902","94.9691195300143","-1.36986268444161e-05","","4","-1.36986268444161e-07","USD","75823.2230136986",""
"-204553.436746886","PennantPark Credit Opportunities Fund IV Aggregator, LP","LAV Gear Holdings, Inc.","Initial Incremental Term Loan","1374990","814953.931262495","814953.9313","814953.9313","100","610400.494553114","74.9","4","6104.00494553114","USD","814953.931262495","1891"
"-71586.7958865047","PennantPark Credit Opportunities Fund IV Aggregator, LP","LAV Gear Holdings, Inc.","Initial Term Loan Retired 07/31/2025","1374978","285206.358113565","285206.3581","285206.3581","100","213619.562213495","74.9","4","2136.19562213495","USD","285206.358113565","LX179863"
"-134788.686999153","PennantPark Credit Opportunities Fund IV Aggregator, LP","LAV Gear Holdings, Inc.","Second Amendment Incremental Term Loan Retired 07/31/2025","1374996","537006.721112163","537006.7211","537006.7211","100","402218.034100847","74.9","4","4022.18034100847","USD","537006.721112163","LX187859"
"693478.2635","PennantPark Credit Opportunities Fund IV Aggregator, LP","LJ Avalon, LP","Common Equity","1373727","1260869.57","1260869.57","1260869.57","1","1954347.8335","1.55","138","1954347.8335","USD","1260869.57","1698"
"31156.7012754297","PennantPark Credit Opportunities Fund IV Aggregator, LP","Loving Tan Intermediate II Inc. ","Closing Date Term Loan","1374075","4826778.14981577","4826778.15","4771487.55797549","98.8545031425026","4802644.25925092","99.5","4","48026.4425925092","USD","4826778.14981577","LX213391"
"-10789.0461057774","PennantPark Credit Opportunities Fund IV Aggregator, LP","Loving Tan Intermediate II Inc. ","First Lien - DDTL - DDTL 1","1376530","2157809.2211555","1161141.409","1161141.409","100","1150352.36289422","99.5","4","11503.5236289422","USD","2157809.2211555","2221"
"-2304.79414999997","PennantPark Credit Opportunities Fund IV Aggregator, LP","Loving Tan Intermediate II Inc. ","Revolving Loan","1374079","460958.83","153652.9433","153652.9433","100","151348.14915","99.5","4","1513.4814915","USD","460958.83","LX213392"
"-19084.8214418488","PennantPark Credit Opportunities Fund IV Aggregator, LP","LV Petroleom, LLC (2)","First Lien - Term Loan - Mortgage Bridge Loan Columbia","1379171","6160714.29","6160714.29","6118191.96854185","99.3097826086957","6099107.1471","99","4","60991.071471","USD","6160714.29","2488"
"-30535.7142945658","PennantPark Credit Opportunities Fund IV Aggregator, LP","LV Petroleom, LLC (2)","First Lien - Term Loan - Mortgage Bridge Loan Fultonville","1379170","9857142.86","9857142.86","9789107.14569457","99.3097826086957","9758571.4314","99","4","97585.714314","USD","9857142.86","2487"
"-21629.4642945658","PennantPark Credit Opportunities Fund IV Aggregator, LP","LV Petroleom, LLC (2)","First Lien - Term Loan - Mortgage Bridge Loan Shorter","1379172","6982142.86","6982142.86","6933950.89569457","99.3097826086957","6912321.4314","99","4","69123.214314","USD","6982142.86","2489"
"-10108.1081081079","PennantPark Credit Opportunities Fund IV Aggregator, LP","LV Petroleom, LLC (3)","First Lien - Term Loan - Mortgage Bridge Loan Savanna","1379333","5500000","5500000","5455108.10810811","99.1837837837838","5445000","99","4","54450","USD","5500000","2494"
"-49180.3278688528","PennantPark Credit Opportunities Fund IV Aggregator, LP","LV PETROLEUM, LLC","First Lien - Term Loan - Initial","1378914","10000000","10000000","9949180.32786885","99.4918032786885","9900000","99","4","99000","USD","10000000","2469"
"-44939.0923635531","PennantPark Credit Opportunities Fund IV Aggregator, LP","MAG DS Corp.","Initial Term Loan","1374030","10553891.4765259","10553891.4764","10176674.9097025","96.4258058978862","10131735.817339","96","4","101317.35817339","USD","10553891.4765259","LX187438"
"81931.8289424423","PennantPark Credit Opportunities Fund IV Aggregator, LP","Medina Health, LLC","Initial Term Loan","1374594","5826759.49699656","5826759.497","5759394.56680005","98.8438697318008","5841326.39574249","100.25","4","58413.2639574249","USD","5826759.49699656","LX218963"
"1898.73417500002","PennantPark Credit Opportunities Fund IV Aggregator, LP","Medina Health, LLC","Revolving Loan","1374600","759493.67","0","0","100","1898.73417500002","100.25","4","18.9873417500002","USD","759493.67","LX218965"
"-27430","PennantPark Credit Opportunities Fund IV Aggregator, LP","Megawatt Acquisition Partners, LLC ","Class A Common","1376441","27430","27430","27430","100","0","0","138","0","USD","274.3","BDC 82188A"
"-89737.245","PennantPark Credit Opportunities Fund IV Aggregator, LP","Megawatt Acquisition Partners, LLC ","Class A Preferred","1376442","246870","246870","246870","100","157132.755","63.65","138","157132.755","USD","2468.7","BDC 82189"
"-65996.7","PennantPark Credit Opportunities Fund IV Aggregator, LP","Megawatt Acquisitionco, Inc.","First Lien - Revolver - Revolver","1375560","857100","222846","222846","100","156849.3","92.3","4","1568.493","USD","857100","LX228853"
"-387176.90105479","PennantPark Credit Opportunities Fund IV Aggregator, LP","Megawatt Acquisitionco, Inc.","Initial Term Loan","1375556","5925000.00001828","5925000","5855951.90105338","98.8346312414109","5468774.99999859","92.3","4","54687.7499999859","USD","5925000.00001828","LX228852"
"5620.43795620417","PennantPark Credit Opportunities Fund IV Aggregator, LP","Mineola 212, LLC","First Lien - Term Loan - Initial","1376434","3500000","3500000","3494379.5620438","99.8394160583942","3500000","100","4","35000","USD","3500000","2028"
"0","PennantPark Credit Opportunities Fund IV Aggregator, LP","MOM AND POP ENTERTAINMENT LLC","First Lien - Term Loan - Initial","1378494","5000000","5000000","5000000","100","5000000","100","4","50000","USD","5000000","2441"
"141833.6494998","PennantPark Credit Opportunities Fund IV Aggregator, LP","NEW MEDINA HEALTH, LLC","Common Equity","1374621","414403.23","414403.23","414403.23","1","556236.8794998","1.34226","138","556236.8794998","USD","414403.23","1830"
"9648126487.95792","PennantPark Credit Opportunities Fund IV Aggregator, LP","NL Monarch Holdings, LLC ","Common Equity","1378932","9800000","9800000","9800000","0.98","9657926487.95792","965.792648795792","138","9657926487.95792","USD","10000000","2470"
"-4687.49999999999","PennantPark Credit Opportunities Fund IV Aggregator, LP","NORA Acquisition, LLC","Revolving Loan","1374352","625000","93750","93750","100","89062.5","99.25","4","890.625","USD","625000","LX216659"
"31375.4562043799","PennantPark Credit Opportunities Fund IV Aggregator, LP","NORA Acquisition, LLC","Term Loan A","1374359","4912500","4912500","4844280.79379562","98.6113138686131","4875656.25","99.25","4","48756.5625","USD","4912500","LX216658"
"-158088.6485","PennantPark Credit Opportunities Fund IV Aggregator, LP","NORA Parent Holdings, LLC","Common Equity","1374384","304286.09","304286.09","304286.09","992.485371342836","146197.4415","476.85","138","146197.4415","USD","306.59","1805"
"234036","PennantPark Credit Opportunities Fund IV Aggregator, LP","Northwinds Services Group LLC","Common Equity","1376989","1320000","1320000","1320000","2","1554036","2.3546","138","1554036","USD","660000","2269"
"33020.9469729718","PennantPark Credit Opportunities Fund IV Aggregator, LP","Northwinds Topco, Inc","Unsecured - Term Loan - HoldCo","1376819","6257264.23354296","6257264.2336","6177313.80487546","98.7222782075279","6210334.75184843","99.25","4","62103.3475184843","USD","6257264.23354296","LX243513"
"-41249.9999999999","PennantPark Credit Opportunities Fund IV Aggregator, LP","Northwinds Topco, Inc","Unsecured Delayed Draw Term Loan","1376821","5500000","0","0","100","-41249.9999999999","99.25","4","-412.499999999999","USD","5500000","LX243515"
"82800","PennantPark Credit Opportunities Fund IV Aggregator, LP","OES Co-Invest, LP","Common Equity","1376275","360000","360000","360000","1000","442800","1230","138","442800","USD","360","2022"
"57956.2493817999","PennantPark Credit Opportunities Fund IV Aggregator, LP","OSP EMBEDDED AGGREGATOR, LP","Common Equity","1374880","267857.14","267857.14","267857.14","1000","325813.3893818","1216.37","138","325813.3893818","USD","267.85714","1870"
"-73016","PennantPark Credit Opportunities Fund IV Aggregator, LP","OSP EMBEDDED PURCHASER, LLC","Convertible Note","1379807","7301.6","7301.6","73016","1000","0","","4","0","USD","7301.6",""
"-6299.21263999997","PennantPark Credit Opportunities Fund IV Aggregator, LP","OSP EMBEDDED PURCHASER, LLC","First Lien - Revolver - Rev","1374829","393700.79","0","0","100","-6299.21263999997","98.4","4","-62.9921263999997","USD","393700.79","LX242834"
"-5907.30628988124","PennantPark Credit Opportunities Fund IV Aggregator, LP","OSP EMBEDDED PURCHASER, LLC","First Lien - Term Loan - Initial","1374824","1970000","1970000","1944387.30628988","98.6998632634458","1938480","98.4","4","19384.8","USD","1970000","LX242833"
"-1465.84820959423","PennantPark Credit Opportunities Fund IV Aggregator, LP","Pacific Purchaser, LLC","Delayed Draw Term Loan","1374480","133258.928144931","133258.9282","133258.9282","100","131793.079990406","98.9","4","1317.93079990406","USD","133258.928144931","LX218457"
"5368.43869731762","PennantPark Credit Opportunities Fund IV Aggregator, LP","Pacific Purchaser, LLC","Initial Term Loan","1374475","2462500","2462500","2430044.06130268","98.6819923371648","2435412.5","98.9","4","24354.125","USD","2462500","LX218455"
"-2455.35718999998","PennantPark Credit Opportunities Fund IV Aggregator, LP","Pacific Purchaser, LLC","Revolving Loan","1374469","223214.29","0","0","100","-2455.35718999998","98.9","4","-24.5535718999998","USD","223214.29","LX218456"
"32829.9237170597","PennantPark Credit Opportunities Fund IV Aggregator, LP","PCS Midco, Inc.","Closing Date Term Loan","1375527","1975000","1975000","1952045.07628294","98.8377253814147","1984875","100.5","4","19848.75","USD","1975000","LX225795"
"3319.21669999999","PennantPark Credit Opportunities Fund IV Aggregator, LP","PCS Midco, Inc.","Delayed Draw Term Loan","1375537","663843.34","326510.0046","326510.0046","100","329829.2213","100.5","4","3298.292213","USD","663843.34","LX225796"
"1333.33335","PennantPark Credit Opportunities Fund IV Aggregator, LP","PCS Midco, Inc.","Revolving Credit Loan","1375532","266666.67","20000.0091","20000.0091","100","21333.34245","100.5","4","213.3334245","USD","266666.67","LX225797"
"3886.239","PennantPark Credit Opportunities Fund IV Aggregator, LP","PCS PARENT, L.P.","Common Equity","1375542","77724.78","77724.78","77724.78","1","81611.019","1.05","138","81611.019","USD","77724.78","1921"
"10000","PennantPark Credit Opportunities Fund IV Aggregator, LP","PennantPark CLO V, LLC","Class E","1376430","8000000","8000000","8000000","100","8010000","100.125","4","80100","USD","8000000","104823"
"50546.1165048545","PennantPark Credit Opportunities Fund IV Aggregator, LP","Riverhead Industrial, LLC (Calverton)","First Lien - Term Loan - First Lien TL","1376219","5000000","5000000","4999453.88349515","99.9890776699029","5050000","101","4","50500","USD","5000000","2018"
"163100.137174211","PennantPark Credit Opportunities Fund IV Aggregator, LP","Route 66 Development","First Lien - Term Loan - First Lien Term Loan Facility B","1378515","12000000","12000000","11776899.8628258","98.1408321902149","11940000","99.5","4","119400","USD","12000000","LX248860"
"-1393.68294088536","PennantPark Credit Opportunities Fund IV Aggregator, LP","RTIC Parent Holdings, LLC","Preferred Equity - A","1375980","1408.58","1408.58","1408.58","1000","14.897059114638","10.5759411","138","14.897059114638","USD","1.40858","1250"
"8586.762358125","PennantPark Credit Opportunities Fund IV Aggregator, LP","RTIC Parent Holdings, LLC","Preferred Equity - D","1375974","30073.75","30073.75","30073.75","10","38660.512358125","12.855235","138","38660.512358125","USD","3007.375","1736"
"96469.3782480947","PennantPark Credit Opportunities Fund IV Aggregator, LP","RTIC Parent Holdings, LLC","Preferrred Equity - C","1375969","186517.67","186517.67","186517.67","65.8338863091196","282987.048248095","99.8840333","138","282987.048248095","USD","2833.156","1546"
"-25305","PennantPark Credit Opportunities Fund IV Aggregator, LP","RTIC Subsidiary Holdings, LLC","First Lien - Revolver - Initial","1375962","1446000","578400","578400","100","553095","98.25","4","5530.95","USD","1446000","LX233175"
"-47385.5421686741","PennantPark Credit Opportunities Fund IV Aggregator, LP","RTIC Subsidiary Holdings, LLC","First Lien - Term Loan - Initial","1375954","7920000","7920000","7828785.54216867","98.8483023001095","7781400","98.25","4","77814","USD","7920000","LX233174"
"-7026.59860093257","PennantPark Credit Opportunities Fund IV Aggregator, LP","Rural Sourcing Holdings, Inc.","Amendment No. 1 Incremental Term Loans","1376467","412499.995536948","412499.9955","409214.094212509","99.2034178610805","402187.495611576","97.5","4","4021.87495611576","USD","412499.995536948","2207"
"-28926.0948905111","PennantPark Credit Opportunities Fund IV Aggregator, LP","Rural Sourcing Holdings, Inc.","Closing Date Term Loan","1374139","2450000","2450000","2417676.09489051","98.6806569343066","2388750","97.5","4","23887.5","USD","2450000","LX213431"
"-13715.2776983613","PennantPark Credit Opportunities Fund IV Aggregator, LP","Rural Sourcing Holdings, Inc.","Delayed Draw Term Loan","1374134","548611.107934452","548611.108","548611.108","100","534895.830301639","97.5","4","5348.95830301639","USD","548611.107934452","LX213432"
"-9463.43263726568","PennantPark Credit Opportunities Fund IV Aggregator, LP","Rural Sourcing Holdings, Inc.","First Lien - DDTL - 2024 Incremental DDTL","1376461","555555.56","0","-4425.45636273431","99.2034178610805","-13888.889","97.5","4","-138.88889","USD","555555.56","2209"
"-10416.66675","PennantPark Credit Opportunities Fund IV Aggregator, LP","Rural Sourcing Holdings, Inc.","Revolving Loan","1374130","416666.67","236111.1127","236111.1127","100","225694.44595","97.5","4","2256.9444595","USD","416666.67","LX213433"
"183851.005867545","PennantPark Credit Opportunities Fund IV Aggregator, LP","Sabel InvestCo LP. ","Common Equity (Funded)","1377609","539082.490146847","539082.490146847","539082.490146847","24.674501962222","722933.496014392","33.0896","138","722933.496014392","USD","21847.75566989","2379"
"0","PennantPark Credit Opportunities Fund IV Aggregator, LP","Sabel InvestCo LP. ","Common Equity (Unfunded)","1377613","0","0","0","0","0","0","138","0","USD","31972.3088621951","2380"
"1.84172677109018e-11","PennantPark Credit Opportunities Fund IV Aggregator, LP","Sabel Systems Technology Solutions, LLC","Revolving Loan","1377552","885000","0","0","100","1.84172677109018e-11","100","4","1.84172677109018e-13","USD","885000","LX251614"
"106157.55362848","PennantPark Credit Opportunities Fund IV Aggregator, LP","Sabel Systems Technology Solutions, LLC","Term Loan","1377559","7960000","7960000","7853842.44637152","98.666362391602","7960000","100","4","79600","USD","7960000","LX251613"
"-120.368134870085","PennantPark Credit Opportunities Fund IV Aggregator, LP","Safe Haven Defense Holdco, LLC","Common Equity","1377162","54349.7","54349.7","54349.7","1000","54229.3318651299","997.785302681154","138","54229.3318651299","USD","54.3497","2323"
"526818.181186","PennantPark Credit Opportunities Fund IV Aggregator, LP","SD InvestCo GP LLC ","Common Equity","1375912","909090.908","909090.908","909090.908","400","1435909.089186","631.8","138","1435909.089186","USD","2272.72727","1986"
"56933.4852202861","PennantPark Credit Opportunities Fund IV Aggregator, LP","Sigma Defense Systems, Inc.","Initial Term Loan","1375921","6618825.247636","6618825.2477","6561891.76247971","99.1398249222455","6618825.2477","100","4","66188.252477","USD","6618825.247636","LX193132"
"33406.4905254618","PennantPark Credit Opportunities Fund IV Aggregator, LP","Sigma Defense Systems, Inc.","Revolving Loan","1375928","892121.7","206437.4881","173030.997574538","96.2553886397493","206437.4881","100","4","2064.374881","USD","892121.7","LX193133"
"-240723.892558611","PennantPark Credit Opportunities Fund IV Aggregator, LP","STG Distribution, LLC","First-Out New Money Term Loans","1377687","2131111.62704829","2131111.6271","2030857.65933088","95.2956960819564","1790133.76677227","84","4","17901.3376677227","USD","2131111.62704829","LX249176"
"-1492776.30308009","PennantPark Credit Opportunities Fund IV Aggregator, LP","STG Distribution, LLC","Second-Out Closing Date Purchased Term Loans","1377694","4937438.08198673","4937438.082","2974007.72768938","60.2338232559551","1481231.42460929","30","4","14812.3142460929","USD","4937438.08198673","LX250179"
"32476.5","PennantPark Credit Opportunities Fund IV Aggregator, LP","StoicLane, Inc.","SENIOR UNSECURED CONVERTIBLE PROMISSORY NOTE","1377008","309300","231975","231975","100","264451.5","110.5","4","2644.515","USD","309300","DUMBDC 5421A"
"383.288043478271","PennantPark Credit Opportunities Fund IV Aggregator, LP","TCG 3.0 Jogger Acquisitionco, Inc.","First Lien - Revolver - Revolver","1375193","683978.58","136795.716","136412.427956522","99.9439619814588","136795.716","100","4","1367.95716","USD","683978.58","LX226176"
"98522.9885057472","PennantPark Credit Opportunities Fund IV Aggregator, LP","TCG 3.0 Jogger Acquisitionco, Inc.","Initial Term Loan","1375191","7900000","7900000","7801477.01149425","98.7528735632184","7900000","100","4","79000","USD","7900000","LX226175"
"-179269.7340952","PennantPark Credit Opportunities Fund IV Aggregator, LP","TCG 3.0 Jogger Co-Invest, LP ","Common Equity","1375217","502395.8714952","502395.8714952","502395.8714952","184.2978252","323126.1374","118.5349","138","323126.1374","USD","2726","1916"
"-27460.1857520062","PennantPark Credit Opportunities Fund IV Aggregator, LP","TEAM Services Group, LLC","Term Loan (Second Lien)","1375966","8571428.57","8571428.57","8556031.61290201","99.8203688338268","8528571.42715","99.5","4","85285.7142715","USD","8571428.57","LX190277"
"136410.443410322","PennantPark Credit Opportunities Fund IV Aggregator, LP","Tinicum Space Coast Holdings, LLC","Common Equity","1375176","76088.7752529035","76088.7752529035","76088.7752529035","8760.86156941248","212499.218663225","24467.16","138","212499.218663225","USD","8.6850790473118","1889"
"10661.9340232858","PennantPark Credit Opportunities Fund IV Aggregator, LP","TPC US Parent, LLC","Fourth Amendment Incremental Term Loan A","1375186","2962500","2962500","2948875.56597671","99.5401034928849","2959537.5","99.9","4","29595.375","USD","2962500","LX225978"
"-40659.0704","PennantPark Credit Opportunities Fund IV Aggregator, LP","TPCN Holdings, LLC ","Common Equity","1376482","254119.19","254119.19","254119.19","1","213460.1196","0.84","138","213460.1196","USD","254119.19","2204"
"4128.37575000002","PennantPark Credit Opportunities Fund IV Aggregator, LP","Transgo, LLC","First Lien - Revolver - Revolver","1374911","825675.15","0","0","100","4128.37575000002","100.5","4","41.2837575000002","USD","825675.15","1879"
"84489.4144619629","PennantPark Credit Opportunities Fund IV Aggregator, LP","Transgo, LLC","Initial Term Loan","1374906","5456421.35814795","5456421.3582","5399214.05052878","98.9515599343186","5483703.46499074","100.5","4","54837.0346499074","USD","5456421.35814795","LX225916"
"82808.7753661851","PennantPark Credit Opportunities Fund IV Aggregator, LP","United Land Services Holdings LLC","Common Equity","1376571","400000.0114","400000.0114","400000.0114","3.26","482808.786766185","3.9348915","138","482808.786766185","USD","122699.39","2219"
"3670.69364203885","PennantPark Credit Opportunities Fund IV Aggregator, LP","United Land Services Intermediate Parent Holdings, LLC","Unsecured - Term Loan - Subordinated","1376532","6881252.78344692","6881252.7834","6808769.56192349","98.9466566080689","6812440.25556553","99","4","68124.4025556553","USD","6881252.78344692","LX242821"
"331768.61709234","PennantPark Credit Opportunities Fund IV Aggregator, LP","United Land Services Intermediate Parent Holdings, LLC","Unsecured Delayed Draw Term Loan","1376534","6450557.00864655","4756557.00866417","4360282.82148536","93.8567446710784","4692051.4385777","99","4","46920.514385777","USD","6450557.00864655","LX242822"
"-4387.11107112374","PennantPark Credit Opportunities Fund IV Aggregator, LP","Urology Management Holdings, Inc.","2023 Delayed Draw Term Loan","1373719","1096777.76778092","1096777.7682","1096777.7682","100","1092390.65712888","99.6","4","10923.9065712888","USD","1096777.76778092","LX210841"
"8048.58930836269","PennantPark Credit Opportunities Fund IV Aggregator, LP","Urology Management Holdings, Inc.","2023 Incremental Term Loan Sold Out 03/31/2023","1373717","1624999.99327073","1624999.9932","1610451.40391855","99.1047021943574","1618499.99322692","99.6","4","16184.9999322692","USD","1624999.99327073","LX210840"
"213888.8906","PennantPark Credit Opportunities Fund IV Aggregator, LP","UROLOGY PARTNERS CO., L.P.","Common Equity","1373723","277777.78","277777.78","277777.78","1","491666.6706","1.77","138","491666.6706","USD","277777.78","1706"
"-792.999999999884","PennantPark Credit Opportunities Fund IV Aggregator, LP","Watchtower Buyer, LLC","First Lien - DDTL - Initial","1374743","793000","793000","793000","100","792207","99.9","4","7922.07","USD","793000","LX221598"
"-1199.99999999991","PennantPark Credit Opportunities Fund IV Aggregator, LP","Watchtower Buyer, LLC","First Lien - Revolver - Rev","1374738","1200000","0","0","100","-1199.99999999991","99.9","4","-11.9999999999991","USD","1200000","LX221599"
"43312.1464416063","PennantPark Credit Opportunities Fund IV Aggregator, LP","Watchtower Buyer, LLC","Initial Term Loan","1374750","3950000","3950000","3902737.85355839","98.8034899635037","3946050","99.9","4","39460.5","USD","3950000","LX221597"
"-7819.354956","PennantPark Credit Opportunities Fund IV Aggregator, LP","WatchTower Holdings, LLC","Common Equity","1374755","258064.52","258064.52","258064.52","100","250245.165044","96.97","138","250245.165044","USD","2580.6452","1851"
"18716.882415","PennantPark Credit Opportunities Fund IV Aggregator, LP","WCP IVYREHAB COINVESTMENT, L.P.","Incremental Common Equity","1375662","103896.1","103896.1","103896.1","1000","122612.982415","1180.15","138","122612.982415","USD","103.8961","1970"
